{
    "name": "root",
    "metadata": {
        "timer_format_version": "0.1.0",
        "start_time_seconds": "1637153145",
        "python_version": "3.6.8 |Anaconda, Inc.| (default, Dec 29 2018, 19:04:46) \n[GCC 4.2.1 Compatible Clang 4.0.1 (tags/RELEASE_401/final)]",
        "command_line_arguments": "/Users/pjh/anaconda3/envs/ml-env/bin/mlagents-learn --run-id=Rocket2",
        "mlagents_version": "0.27.0",
        "mlagents_envs_version": "0.27.0",
        "communication_protocol_version": "1.5.0",
        "pytorch_version": "1.6.0",
        "numpy_version": "1.17.2",
        "end_time_seconds": "1637153530"
    },
    "total": 385.61506387399277,
    "count": 1,
    "self": 0.010516036985791288,
    "children": {
        "run_training.setup": {
            "total": 0.035370662008062936,
            "count": 1,
            "self": 0.035370662008062936
        },
        "TrainerController.start_learning": {
            "total": 385.5691771749989,
            "count": 1,
            "self": 1.061510472514783,
            "children": {
                "TrainerController._reset_env": {
                    "total": 39.14249629000551,
                    "count": 1,
                    "self": 39.14249629000551
                },
                "TrainerController.advance": {
                    "total": 345.25119069947687,
                    "count": 39594,
                    "self": 1.032563142143772,
                    "children": {
                        "env_step": {
                            "total": 331.18768180097686,
                            "count": 39594,
                            "self": 284.75474936907995,
                            "children": {
                                "SubprocessEnvManager._take_step": {
                                    "total": 45.81443687627325,
                                    "count": 39594,
                                    "self": 2.337918893157621,
                                    "children": {
                                        "TorchPolicy.evaluate": {
                                            "total": 43.47651798311563,
                                            "count": 38817,
                                            "self": 11.521489016973646,
                                            "children": {
                                                "TorchPolicy.sample_actions": {
                                                    "total": 31.95502896614198,
                                                    "count": 38817,
                                                    "self": 31.95502896614198
                                                }
                                            }
                                        }
                                    }
                                },
                                "workers": {
                                    "total": 0.6184955556236673,
                                    "count": 39593,
                                    "self": 0.0,
                                    "children": {
                                        "worker_root": {
                                            "total": 383.8252707830543,
                                            "count": 39593,
                                            "is_parallel": true,
                                            "self": 140.12780003866646,
                                            "children": {
                                                "run_training.setup": {
                                                    "total": 0.0,
                                                    "count": 0,
                                                    "is_parallel": true,
                                                    "self": 0.0,
                                                    "children": {
                                                        "steps_from_proto": {
                                                            "total": 0.009034375005285256,
                                                            "count": 1,
                                                            "is_parallel": true,
                                                            "self": 0.0017125700105680153,
                                                            "children": {
                                                                "_process_rank_one_or_two_observation": {
                                                                    "total": 0.00732180499471724,
                                                                    "count": 2,
                                                                    "is_parallel": true,
                                                                    "self": 0.00732180499471724
                                                                }
                                                            }
                                                        },
                                                        "UnityEnvironment.step": {
                                                            "total": 0.017804610994062386,
                                                            "count": 1,
                                                            "is_parallel": true,
                                                            "self": 0.00015352699847426265,
                                                            "children": {
                                                                "UnityEnvironment._generate_step_input": {
                                                                    "total": 0.00018643100338522345,
                                                                    "count": 1,
                                                                    "is_parallel": true,
                                                                    "self": 0.00018643100338522345
                                                                },
                                                                "communicator.exchange": {
                                                                    "total": 0.017095720992074348,
                                                                    "count": 1,
                                                                    "is_parallel": true,
                                                                    "self": 0.017095720992074348
                                                                },
                                                                "steps_from_proto": {
                                                                    "total": 0.0003689320001285523,
                                                                    "count": 1,
                                                                    "is_parallel": true,
                                                                    "self": 0.00022596899361815304,
                                                                    "children": {
                                                                        "_process_rank_one_or_two_observation": {
                                                                            "total": 0.00014296300651039928,
                                                                            "count": 2,
                                                                            "is_parallel": true,